Workbook

Sheet Unspecified
B1: Asymptomatic | C1: DF | D1: DHF | E1: DSS
A2: DENV1 | C2: =Uncombined!C2+Uncombined!F2 -> 11357 | D2: 174 | E2: 15
A3: DENV2 | C3: =Uncombined!C3+Uncombined!F3 -> 2527 | D3: 150 | E3: 34
A4: DENV3 | C4: =Uncombined!C4+Uncombined!F4 -> 4267 | D4: 139 | E4: 10
A5: DENV4 | C5: =Uncombined!C5+Uncombined!F5 -> 3851 | D5: 47 | E5: 24

Sheet Uncombined
B1: Asymptomatic | C1: DF | D1: DHF | E1: DSS | F1: CD
A2: DENV1 | C2: 11079 | D2: 174 | E2: 15 | F2: 278
A3: DENV2 | C3: 2320 | D3: 150 | E3: 34 | F3: 207
A4: DENV3 | C4: 4020 | D4: 139 | E4: 10 | F4: 247
A5: DENV4 | C5: 3755 | D5: 47 | E5: 24 | F5: 96

Sheet AgeOnly
B1: Asymptomatic | C1: DF | D1: DHF | E1: DSS | F1: CD
A2: 1-5 | C2: =ROUND(AgeRaw!$B2*AgeRaw!C2,0) -> 153651 | D2: =ROUND(AgeRaw!$B2*AgeRaw!D2,0) -> 1317 | E2: =ROUND(AgeRaw!$B2*AgeRaw!E2,0) -> 32 | F2: =ROUND(AgeRaw!$B2*AgeRaw!F2,0) -> 3632
A3: 6-10 | C3: =ROUND(AgeRaw!$B3*AgeRaw!C3,0) -> 244807 | D3: =ROUND(AgeRaw!$B3*AgeRaw!D3,0) -> 3307 | E3: =ROUND(AgeRaw!$B3*AgeRaw!E3,0) -> 52 | F3: =ROUND(AgeRaw!$B3*AgeRaw!F3,0) -> 10180
A4: 11-20 | C4: =ROUND(AgeRaw!$B4*AgeRaw!C4,0) -> 783150 | D4: =ROUND(AgeRaw!$B4*AgeRaw!D4,0) -> 3930 | E4: =ROUND(AgeRaw!$B4*AgeRaw!E4,0) -> 80 | F4: =ROUND(AgeRaw!$B4*AgeRaw!F4,0) -> 14837
A5: 21-35 | C5: =ROUND(AgeRaw!$B5*AgeRaw!C5,0) -> 1250234 | D5: =ROUND(AgeRaw!$B5*AgeRaw!D5,0) -> 3813 | E5: =ROUND(AgeRaw!$B5*AgeRaw!E5,0) -> 127 | F5: =ROUND(AgeRaw!$B5*AgeRaw!F5,0) -> 16777
A6: 36-50 | C6: =ROUND(AgeRaw!$B6*AgeRaw!C6,0) -> 862266 | D6: =ROUND(AgeRaw!$B6*AgeRaw!D6,0) -> 3343 | E6: =ROUND(AgeRaw!$B6*AgeRaw!E6,0) -> 88 | F6: =ROUND(AgeRaw!$B6*AgeRaw!F6,0) -> 13987
A7: 51-65 | C7: =ROUND(AgeRaw!$B7*AgeRaw!C7,0) -> 451053 | D7: =ROUND(AgeRaw!$B7*AgeRaw!D7,0) -> 1895 | E7: =ROUND(AgeRaw!$B7*AgeRaw!E7,0) -> 92 | F7: =ROUND(AgeRaw!$B7*AgeRaw!F7,0) -> 9246
A8: >65 | C8: =ROUND(AgeRaw!$B8*AgeRaw!C8,0) -> 158203 | D8: =ROUND(AgeRaw!$B8*AgeRaw!D8,0) -> 918 | E8: =ROUND(AgeRaw!$B8*AgeRaw!E8,0) -> 66 | F8: =ROUND(AgeRaw!$B8*AgeRaw!F8,0) -> 4687

Sheet AgeRaw
B1: DengueCases | C1: DF | D1: DHF | E1: DSS | F1: CD
A2: 1-5 | B2: 158616 | C2: 0.9687 | D2: 0.0083 | E2: 0.0002 | F2: 0.0229
A3: 6-10 | B3: 258372 | C3: 0.9475 | D3: 0.0128 | E3: 0.0002 | F3: 0.0394
A4: 11-20 | B4: 801997 | C4: 0.9765 | D4: 0.0049 | E4: 0.0001 | F4: 0.0185
A5: 21-35 | B5: 1270950 | C5: 0.9837 | D5: 0.003 | E5: 0.0001 | F5: 0.0132
A6: 36-50 | B6: 879684 | C6: 0.9802 | D6: 0.0038 | E6: 0.0001 | F6: 0.0159
A7: 51-65 | B7: 462287 | C7: 0.9757 | D7: 0.0041 | E7: 0.0002 | F7: 0.02
A8: >65 | B8: 163873 | C8: 0.9654 | D8: 0.0056 | E8: 0.0004 | F8: 0.0286

Sheet Processing
A1: Serotype | B1: DengueCases | C1: PercentClassic | D1: PercentCD | E1: PercentDHF | F1: PercentDSS | G1: PercentDF | H1: NumClass | I1: NumCD | J1: NumDF | K1: NumDHF | L1: NumDSS | M1: TotalCases
A2: DENV1 | B2: 11546 | C2: 0.9596 | D2: 0.0241 | E2: 0.0151 | F2: 0.0013 | G2: =C2+D2 -> 0.9837 | H2: =$B2*C2 -> 11079.542 | I2: =$B2*D2 -> 278.2586 | J2: =G2*B2 -> 11357.8 | K2: =$B2*E2 -> 174.3446 | L2: =$B2*F2 -> 15.0098 | M2: =SUM(J2:L2) -> 11547.155
A3: DENV2 | B3: 2711 | C3: 0.8557 | D3: 0.0765 | E3: 0.0553 | F3: 0.0125 | G3: =C3+D3 -> 0.9322 | H3: =$B3*C3 -> 2319.8027 | I3: =$B3*D3 -> 207.3915 | J3: =G3*B3 -> 2527.1942 | K3: =$B3*E3 -> 149.9183 | L3: =$B3*F3 -> 33.8875 | M3: =SUM(J3:L3) -> 2711
A4: DENV3 | B4: 4416 | C4: 0.9104 | D4: 0.0559 | E4: 0.0315 | F4: 0.0022 | G4: =C4+D4 -> 0.9663 | H4: =$B4*C4 -> 4020.3264 | I4: =$B4*D4 -> 246.8544 | J4: =G4*B4 -> 4267.1808 | K4: =$B4*E4 -> 139.104 | L4: =$B4*F4 -> 9.7152 | M4: =SUM(J4:L4) -> 4416
A5: DENV4 | B5: 3922 | C5: 0.9573 | D5: 0.0245 | E5: 0.012 | F5: 0.0061 | G5: =C5+D5 -> 0.9818 | H5: =$B5*C5 -> 3754.5306 | I5: =$B5*D5 -> 96.089 | J5: =G5*B5 -> 3850.6196 | K5: =$B5*E5 -> 47.064 | L5: =$B5*F5 -> 23.9242 | M5: =SUM(J5:L5) -> 3921.6078
